"group","melanogenesis_score"
"Control",12.7470259774938
"Other",8.61858995833384
"Responder",9.60748573185379
